id,full_name,age,email
1,Alice AAA,25.0,alice@example.com
2,Bob BBB,35.0,bob@example.com
3,Charlie CCC,35.0,charlie@example.com
4,David DDD,40.0,david@example.com
5,Unknown,28.0,unknown@mycompany.com
11,Jack,35.0,unknown@mycompany.com
12,Karen,50.0,karen@example.com
13,Leo,32.0,leo@example.com
14,Mona,29.0,mona@example.com
15,Unknown,41.0,jack@example.com
6,Eve,30.0,eve@example.com
7,Frank,45.0,frank@example.com
8,Grace,35.0,grace@example.com
9,Unknown,38.0,unknown@mycompany.com
10,Ivy,27.0,ivy@example.com
